{
  "dataset": "Hampton Roads Census Tracts",
  "total_tracts": 398,
  "total_population": 1647597,
  "areas": {
    "Virginia Beach": 111,
    "Norfolk": 82,
    "Chesapeake": 67,
    "Newport News": 42,
    "Hampton": 38,
    "Suffolk": 31,
    "Portsmouth": 27
  },
  "statistics": {
    "poverty_rate": {
      "mean": 0.14711725262740777,
      "median": 0.1212049623523622,
      "min": 0.03327066734846182,
      "max": 0.3929613253313712
    },
    "medicaid_rate": {
      "mean": 0.251782576824447,
      "median": 0.21368937811779104,
      "min": 0.08253135290879596,
      "max": 0.5436098276596188
    },
    "median_income": {
      "mean": 65505,
      "median": 64861,
      "min": 30798,
      "max": 104677
    }
  },
  "demographic_ranges": {
    "white": [
      0.2679340680028104,
      0.718145593925031
    ],
    "black": [
      0.1459132002077247,
      0.6010617756594439
    ],
    "hispanic": [
      0.04778269762764326,
      0.1413734299092728
    ]
  }
}