Scenario,Total_Population,Total_Cost,Avg_Cost_Per_Person,Median_Cost_Per_Person,Screened_Count,Unscreened_Count,Avg_Cost_Screened,Avg_Cost_Unscreened,Net_Savings_From_Screening
Baseline,17264,13920573.421140948,806.3353464516305,469.40955126417606,3269,13995,1487.7878591619037,647.1593361586769,4193416.3979404196
Income Tightening,17264,13982729.369171796,809.9356678157899,469.40955126417606,3332,13932,1486.9807797113203,648.0124469691126,4073489.453175558
Admin Churn,17264,13882977.100607201,804.157617041659,469.40955126417606,3206,14058,1488.3289233849373,648.1287930171499,4339812.043862984
Immigrant Restrictions,17264,13884745.703240251,804.2600615871322,469.40955126417606,3183,14081,1487.4836408639849,649.8178591272059,4415424.845500122
