,total_population,insured,uninsured,insured_pct,uninsured_pct,medicaid_estimated,coverage_loss,coverage_loss_pct
Baseline,17264.0,15869.0,1395.0,91.91960148285449,8.080398517145506,4504.0,0.0,0.0
Income Tightening,17264.0,15869.0,1395.0,91.91960148285449,8.080398517145506,4504.0,1395.0,8.080398517145506
Admin Churn,17264.0,15715.0,1549.0,91.0275718257646,8.972428174235404,4504.0,1549.0,8.972428174235404
