,total_population,insured,uninsured,insured_pct,uninsured_pct,medicaid_estimated,coverage_loss,coverage_loss_pct
Baseline,17264.0,15897.0,1367.0,92.08178869323447,7.9182113067655235,4466.0,0.0,0.0
Income Tightening,17264.0,15897.0,1367.0,92.08178869323447,7.9182113067655235,4466.0,1367.0,7.9182113067655235
Admin Churn,17264.0,15741.0,1523.0,91.17817423540315,8.821825764596849,4466.0,1523.0,8.821825764596849
